sub-season109,1
sub-season130,1
sub-season137,1
sub-season215,1
sub-season217,1
sub-season101,2
sub-season103,2
sub-season105,2
sub-season107,2
sub-season108,2
sub-season127,2
sub-season131,2
sub-season133,2
sub-season135,2
sub-season136,2
sub-season137,2
sub-season202,2
sub-season204,2
sub-season206,2
sub-season208,2
sub-season213,2
sub-season214,2
sub-season216,2
sub-season217,2
sub-season101,2
sub-season103,3
sub-season106,3
sub-season108,3
sub-season109,3
sub-season111,3
sub-season116,3
sub-season122,3
sub-season123,3
sub-season124,3
sub-season125,3
sub-season127,3
sub-season128,3
sub-season129,3
sub-season131,3
sub-season132,3
sub-season133,3
sub-season134,3
sub-season136,3
sub-season202,3
sub-season204,3
sub-season206,3
sub-season211,3
sub-season217,3